LMS Adaption MSE: cafe noise,LMS Speech MSE: cafe noise,LMS Mean SNR: cafe noise,LMS Mean Delta SNR: cafe noise,LMS Mean Clock-time: cafe noise
0.0031999427921193145,3.9389274597828524e-05,19.845974689198233,19.845977336159173,2.6584389494425893
