RLS Adaption MSE: cafe noise,RLS Speech MSE: cafe noise,RLS Mean SNR: cafe noise,RLS Mean Delta SNR: cafe noise,RLS Mean Clock-time: cafe noise,RLS Mean Convergence-time: cafe noise
0.0005843150282453372,0.0031713491423747075,-0.010513225847445495,-0.010510578886506068,12.652492530894017,0.0005185185185185186
