RLS Adaption MSE: cafe noise,RLS Speech MSE: cafe noise,RLS Mean SNR: cafe noise,RLS Mean Delta SNR: cafe noise,RLS Mean Clock-time: cafe noise,RLS Mean Convergence-time: cafe noise
0.0033137296532288756,0.00016437927117160113,13.107142442765255,13.107145089726194,12.912256218033791,0.0005138888888888889
