LMS Mean MSE: babble noise,LMS Mean SNR: babble noise
0.004051478213595569,-9.30929708533897
