LMS Adaption MSE: cafe noise,LMS Speech MSE: cafe noise,LMS Mean SNR: cafe noise,LMS Mean Clock-time: cafe noise
0.003885207842447036,0.006984184467647136,-3.1618328745132604,0.958024785022061
